{"learner":{"attributes":{"scikit_learn":"{\"_estimator_type\": \"classifier\"}"},"feature_names":["bill_length_mm","bill_depth_mm","flipper_length_mm","body_mass_g","sex_Female","sex_Male","island_Biscoe","island_Dream","island_Torgersen"],"feature_types":["float","float","float","float","i","i","i","i","i"],"gradient_booster":{"model":{"gbtree_model_param":{"num_parallel_tree":"1","num_trees":"9"},"iteration_indptr":[0,3,6,9],"tree_info":[0,1,2,0,1,2,0,1,2],"trees":[{"base_weights":[2.2087601E-1,1.388764E0,-5.981162E-1,-1.2857145E-1,4.3441108E-1,-2.0407833E-1,3.2727274E-1],"categories":[],"categories_nodes":[],"categories_segments":[],"categories_sizes":[],"default_left":[0,0,0,0,0,0,0],"id":0,"left_children":[1,3,5,-1,-1,-1,-1],"loss_changes":[1.1486565E2,5.9466934E0,1.0562143E1,0E0,0E0,0E0,0E0],"parents":[2147483647,0,0,1,1,2,2],"right_children":[2,4,6,-1,-1,-1,-1],"split_conditions":[4.24E1,1.48E1,1E0,-1.2857145E-1,4.3441108E-1,-2.0407833E-1,3.2727274E-1],"split_indices":[0,1,8,0,0,0,0],"split_type":[0,0,0,0,0,0,0],"sum_hessian":[1.1822221E2,4.8444443E1,6.977777E1,1.3333333E0,4.7111107E1,6.711111E1,2.6666665E0],"tree_param":{"num_deleted":"0","num_feature":"9","num_nodes":"7","size_leaf_vector":"1"}},{"base_weights":[-2.823859E-1,-2.219365E-1,4.4180518E-1,-2.0101525E-1,4.094421E-1],"categories":[],"categories_nodes":[],"categories_segments":[],"categories_sizes":[],"default_left":[0,0,0,0,0],"id":1,"left_children":[1,-1,3,-1,-1],"loss_changes":[3.981881E1,0E0,4.891995E1,0E0,0E0],"parents":[2147483647,0,0,2,2],"right_children":[2,-1,4,-1,-1],"split_conditions":[1E0,-2.219365E-1,4.24E1,-2.0101525E-1,4.094421E-1],"split_indices":[7,0,0,0,0],"split_type":[0,0,0,0,0],"sum_hessian":[1.1822221E2,7.244444E1,4.5777775E1,2.0888887E1,2.4888887E1],"tree_param":{"num_deleted":"0","num_feature":"9","num_nodes":"5","size_leaf_vector":"1"}},{"base_weights":[6.1509743E-2,-7.2631586E-1,1.3165468E0,-7.663455E-9,-2.2189896E-1,4.3958873E-1,-1.7027028E-1],"categories":[],"categories_nodes":[],"categories_segments":[],"categories_sizes":[],"default_left":[0,0,0,0,0,0,0],"id":2,"left_children":[1,3,5,-1,-1,-1,-1],"loss_changes":[1.1883722E2,7.163086E-1,1.3817032E1,0E0,0E0,0E0,0E0],"parents":[2147483647,0,0,1,1,2,2],"right_children":[2,4,6,-1,-1,-1,-1],"split_conditions":[2.07E2,1.61E1,1.74E1,-7.663455E-9,-2.2189896E-1,4.3958873E-1,-1.7027028E-1],"split_indices":[2,1,1,0,0,0,0],"split_type":[0,0,0,0,0,0,0],"sum_hessian":[1.1822221E2,7.2888885E1,4.5333332E1,1.3333333E0,7.155555E1,4.222222E1,3.111111E0],"tree_param":{"num_deleted":"0","num_feature":"9","num_nodes":"7","size_leaf_vector":"1"}},{"base_weights":[1.7466329E-1,8.898675E-1,-5.8266467E-1,-1.4894606E-1,2.8922242E-1,-1.8820664E-1,1.9439475E-1],"categories":[],"categories_nodes":[],"categories_segments":[],"categories_sizes":[],"default_left":[0,0,0,0,0,0,0],"id":3,"left_children":[1,3,5,-1,-1,-1,-1],"loss_changes":[6.3471252E1,6.668869E0,3.5444374E0,0E0,0E0,0E0,0E0],"parents":[2147483647,0,0,1,1,2,2],"right_children":[2,4,6,-1,-1,-1,-1],"split_conditions":[4.33E1,1.48E1,1E0,-1.4894606E-1,2.8922242E-1,-1.8820664E-1,1.9439475E-1],"split_indices":[0,1,8,0,0,0,0],"split_type":[0,0,0,0,0,0,0],"sum_hessian":[1.1522531E2,5.9170734E1,5.6054577E1,2.7171865E0,5.645355E1,5.456334E1,1.4912374E0],"tree_param":{"num_deleted":"0","num_feature":"9","num_nodes":"7","size_leaf_vector":"1"}},{"base_weights":[-2.3596631E-1,-1.9826837E-1,3.3828357E-1,-1.7578532E-1,2.7990735E-1],"categories":[],"categories_nodes":[],"categories_segments":[],"categories_sizes":[],"default_left":[0,0,0,0,0],"id":4,"left_children":[1,-1,3,-1,-1],"loss_changes":[2.6791752E1,0E0,2.6362644E1,0E0,0E0],"parents":[2147483647,0,0,2,2],"right_children":[2,-1,4,-1,-1],"split_conditions":[1E0,-1.9826837E-1,4.24E1,-1.7578532E-1,2.7990735E-1],"split_indices":[7,0,0,0,0],"split_type":[0,0,0,0,0],"sum_hessian":[1.07879326E2,6.1913937E1,4.596539E1,1.800311E1,2.7962278E1],"tree_param":{"num_deleted":"0","num_feature":"9","num_nodes":"5","size_leaf_vector":"1"}},{"base_weights":[4.7348864E-2,-6.4776516E-1,9.101223E-1,2.778992E-3,-1.9851433E-1,3.0008838E-1,-1.5014146E-1],"categories":[],"categories_nodes":[],"categories_segments":[],"categories_sizes":[],"default_left":[0,0,0,0,0,0,0],"id":5,"left_children":[1,3,5,-1,-1,-1,-1],"loss_changes":[6.887957E1,5.894451E-1,7.0159874E0,0E0,0E0,0E0,0E0],"parents":[2147483647,0,0,1,1,2,2],"right_children":[2,4,6,-1,-1,-1,-1],"split_conditions":[2.07E2,1.61E1,1.74E1,2.778992E-3,-1.9851433E-1,3.0008838E-1,-1.5014146E-1],"split_indices":[2,1,1,0,0,0,0],"split_type":[0,0,0,0,0,0,0],"sum_hessian":[1.1286874E2,6.2645832E1,5.0222904E1,1.3093541E0,6.133648E1,4.7478695E1,2.7442086E0],"tree_param":{"num_deleted":"0","num_feature":"9","num_nodes":"7","size_leaf_vector":"1"}},{"base_weights":[1.4932717E-1,7.09866E-1,-5.2475405E-1,-1.3235523E-1,2.2983481E-1,-1.7099099E-1,1.605336E-1],"categories":[],"categories_nodes":[],"categories_segments":[],"categories_sizes":[],"default_left":[0,0,0,0,0,0,0],"id":6,"left_children":[1,3,5,-1,-1,-1,-1],"loss_changes":[3.984275E1,4.0582523E0,2.605379E0,0E0,0E0,0E0,0E0],"parents":[2147483647,0,0,1,1,2,2],"right_children":[2,4,6,-1,-1,-1,-1],"split_conditions":[4.33E1,1.48E1,1E0,-1.3235523E-1,2.2983481E-1,-1.7099099E-1,1.605336E-1],"split_indices":[0,1,8,0,0,0,0],"split_type":[0,0,0,0,0,0,0],"sum_hessian":[1.03460464E2,5.6458645E1,4.700182E1,2.3116612E0,5.4146984E1,4.552199E1,1.479831E0],"tree_param":{"num_deleted":"0","num_feature":"9","num_nodes":"7","size_leaf_vector":"1"}},{"base_weights":[-2.0687704E-1,-1.8305066E-1,2.8591168E-1,-1.5744656E-1,2.2258635E-1],"categories":[],"categories_nodes":[],"categories_segments":[],"categories_sizes":[],"default_left":[0,0,0,0,0],"id":7,"left_children":[1,-1,3,-1,-1],"loss_changes":[1.8899464E1,0E0,1.6319418E1,0E0,0E0],"parents":[2147483647,0,0,2,2],"right_children":[2,-1,4,-1,-1],"split_conditions":[1E0,-1.8305066E-1,4.24E1,-1.5744656E-1,2.2258635E-1],"split_indices":[7,0,0,0,0],"split_type":[0,0,0,0,0],"sum_hessian":[9.321973E1,5.1134075E1,4.2085655E1,1.5096651E1,2.6989004E1],"tree_param":{"num_deleted":"0","num_feature":"9","num_nodes":"5","size_leaf_vector":"1"}},{"base_weights":[3.870569E-2,-5.95501E-1,7.307581E-1,4.4530756E-3,-1.832484E-1,2.4033797E-1,-1.347352E-1],"categories":[],"categories_nodes":[],"categories_segments":[],"categories_sizes":[],"default_left":[0,0,0,0,0,0,0],"id":8,"left_children":[1,3,5,-1,-1,-1,-1],"loss_changes":[4.4581238E1,5.0520134E-1,4.3904476E0,0E0,0E0,0E0,0E0],"parents":[2147483647,0,0,1,1,2,2],"right_children":[2,4,6,-1,-1,-1,-1],"split_conditions":[2.07E2,1.61E1,1.74E1,4.4530756E-3,-1.832484E-1,2.4033797E-1,-1.347352E-1],"split_indices":[2,1,1,0,0,0,0],"split_type":[0,0,0,0,0,0,0],"sum_hessian":[9.9582466E1,5.203571E1,4.7546757E1,1.2754822E0,5.0760227E1,4.5173584E1,2.3731728E0],"tree_param":{"num_deleted":"0","num_feature":"9","num_nodes":"7","size_leaf_vector":"1"}}]},"name":"gbtree"},"learner_model_param":{"base_score":"5E-1","boost_from_average":"1","num_class":"3","num_feature":"9","num_target":"1"},"objective":{"name":"multi:softprob","softmax_multiclass_param":{"num_class":"3"}}},"version":[3,0,2]}